Tool,Commits Used For Benchmarking
ARC,3831cb83f76f0263ddfa7c8c184a373120b8dc05
GetOrganelle,b3fe5a026cf0e905ba73243e18ededccadd12700
IOGA,8367ac1d2b1225f923e1e24d6a77c2a8ad76ba37
MEANGS,de27552322bfeeef9a92681ed1354a454f4737a0
MITObim,1a15c5aa1b2cb2b725792cd66dade47df761355b
MitoFlex,ff536e1c26ce3a3e1251aab114e8f33b4e6e32c5
MitoZ,9ea563400f03a0adec3a0edcd078c0d4acfb5477
MToolBox,82168578d9845b629f6e1cd414c231b8a5fa6f90
NOVOPlasty,acab0d4f14f8b4d3b3e4a900ce55c697fe85fa80
ORG.Asm,830313acae3ca773b63f6bea9fc6d017e021bde5